,poke,est,cond,std
0,20.0,-2.0,0,11.4609571365
1,13.0,-2.0,0,11.4609571365
2,13.0,-2.0,0,11.4609571365
3,8.0,-2.0,0,11.4609571365
4,19.0,-2.0,0,11.4609571365
5,19.0,-2.0,0,11.4609571365
6,17.0,-2.0,0,11.4609571365
7,44.0,-2.0,0,11.4609571365
8,13.0,-2.0,0,11.4609571365
9,15.0,-2.0,0,11.4609571365
10,12.0,-2.0,0,11.4609571365
11,12.0,-2.0,0,11.4609571365
12,12.0,-2.0,0,11.4609571365
13,25.0,-2.0,0,11.4609571365
14,21.0,-2.0,0,11.4609571365
15,8.0,-2.0,0,11.4609571365
16,16.0,-2.0,0,11.4609571365
17,32.0,-2.0,0,11.4609571365
18,19.0,-2.0,0,11.4609571365
19,13.0,-2.0,0,11.4609571365
20,13.0,-2.0,0,11.4609571365
21,-2.0,-2.0,0,11.4609571365
22,-5.0,-2.0,0,11.4609571365
23,27.0,-2.0,0,11.4609571365
24,25.0,-2.0,0,11.4609571365
25,18.0,-2.0,0,11.4609571365
26,15.0,-2.0,0,11.4609571365
27,30.0,-2.0,0,11.4609571365
28,5.0,-2.0,0,11.4609571365
29,8.0,-2.0,0,11.4609571365
30,34.0,-2.0,0,11.4609571365
31,37.0,-2.0,0,11.4609571365
32,9.0,-2.0,0,11.4609571365
33,19.0,-2.0,0,11.4609571365
34,16.0,-2.0,0,11.4609571365
35,10.0,-2.0,0,11.4609571365
36,22.0,-2.0,0,11.4609571365
37,17.0,-2.0,0,11.4609571365
38,-33.0,-2.0,0,11.4609571365
39,2.0,-2.0,0,11.4609571365
40,21.0,-2.0,0,11.4609571365
41,2.0,-2.0,0,11.4609571365
42,14.0,-2.0,0,11.4609571365
43,3.0,-2.0,0,11.4609571365
44,-6.0,-2.0,0,11.4609571365
45,1.0,-2.0,0,11.4609571365
46,24.0,-2.0,0,11.4609571365
47,20.0,-2.0,0,11.4609571365
48,20.0,-2.0,0,11.4609571365
49,16.0,-2.0,0,11.4609571365
50,20.0,-2.0,0,11.4609571365
51,12.0,-2.0,0,11.4609571365
52,14.0,-2.0,0,11.4609571365
53,25.0,-2.0,0,11.4609571365
54,3.0,-2.0,0,11.4609571365
55,17.0,-2.0,0,11.4609571365
56,0.0,-2.0,0,11.4609571365
57,27.0,-2.0,0,11.4609571365
58,23.0,-2.0,0,11.4609571365
59,-3.0,1.0,0,11.4609571365
60,-6.0,1.0,0,11.4609571365
61,2.0,1.0,0,11.4609571365
62,-16.0,1.0,0,11.4609571365
63,0.0,1.0,0,11.4609571365
64,-2.0,1.0,0,11.4609571365
65,-4.0,1.0,0,11.4609571365
66,-7.0,1.0,0,11.4609571365
67,-10.0,1.0,0,11.4609571365
68,10.0,1.0,0,11.4609571365
69,-2.0,1.0,0,11.4609571365
70,-26.0,1.0,0,11.4609571365
71,8.0,1.0,0,11.4609571365
72,-12.0,1.0,0,11.4609571365
73,-17.0,1.0,0,11.4609571365
74,8.0,1.0,0,11.4609571365
75,0.0,1.0,0,11.4609571365
76,11.0,1.0,0,11.4609571365
77,-18.0,1.0,0,11.4609571365
78,8.0,1.0,0,11.4609571365
79,-9.0,1.0,0,11.4609571365
80,7.0,1.0,0,11.4609571365
81,4.0,1.0,0,11.4609571365
82,-29.0,1.0,0,11.4609571365
83,0.0,1.0,0,11.4609571365
84,-2.0,1.0,0,11.4609571365
85,-5.0,1.0,0,11.4609571365
86,-4.0,1.0,0,11.4609571365
87,6.0,1.0,0,11.4609571365
88,-23.0,1.0,0,11.4609571365
89,-2.0,1.0,0,11.4609571365
90,10.0,1.0,0,11.4609571365
91,-14.0,1.0,0,11.4609571365
92,2.0,1.0,0,11.4609571365
93,6.0,1.0,0,11.4609571365
94,0.0,1.0,0,11.4609571365
95,8.0,1.0,0,11.4609571365
96,-14.0,1.0,0,11.4609571365
97,4.0,1.0,0,11.4609571365
98,24.0,1.0,0,11.4609571365
99,20.0,1.0,0,11.4609571365
100,2.0,1.0,0,11.4609571365
101,-11.0,1.0,0,11.4609571365
102,-5.0,1.0,0,11.4609571365
103,-6.0,1.0,0,11.4609571365
104,-6.0,1.0,0,11.4609571365
105,2.0,1.0,0,11.4609571365
106,1.0,1.0,0,11.4609571365
107,18.0,1.0,0,11.4609571365
108,7.0,1.0,0,11.4609571365
109,-12.0,1.0,0,11.4609571365
110,4.0,1.0,0,11.4609571365
111,-4.0,1.0,0,11.4609571365
112,-20.0,1.0,0,11.4609571365
113,4.0,1.0,0,11.4609571365
114,5.0,1.0,0,11.4609571365
115,-10.0,1.0,0,11.4609571365
116,5.0,1.0,0,11.4609571365
117,25.0,1.0,0,11.4609571365
118,-4.0,-14.0,2,11.4609571365
119,11.0,-14.0,2,11.4609571365
120,36.0,-14.0,2,11.4609571365
121,1.0,-14.0,2,11.4609571365
122,29.0,-14.0,2,11.4609571365
123,6.0,-14.0,2,11.4609571365
124,20.0,-14.0,2,11.4609571365
125,6.0,-14.0,2,11.4609571365
126,14.0,-14.0,2,11.4609571365
127,22.0,-14.0,2,11.4609571365
128,0.0,-14.0,2,11.4609571365
129,12.0,-14.0,2,11.4609571365
130,25.0,-14.0,2,11.4609571365
131,20.0,-14.0,2,11.4609571365
132,17.0,-14.0,2,11.4609571365
133,20.0,-14.0,2,11.4609571365
134,-4.0,-14.0,2,11.4609571365
135,20.0,-14.0,2,11.4609571365
136,9.0,-14.0,2,11.4609571365
137,8.0,-14.0,2,11.4609571365
138,1.0,-14.0,2,11.4609571365
139,15.0,-14.0,2,11.4609571365
140,24.0,-14.0,2,11.4609571365
141,1.0,-14.0,2,11.4609571365
142,22.0,-14.0,2,11.4609571365
143,30.0,-14.0,2,11.4609571365
144,5.0,-14.0,2,11.4609571365
145,19.0,-14.0,2,11.4609571365
146,15.0,-14.0,2,11.4609571365
147,20.0,-14.0,2,11.4609571365
148,45.0,-14.0,2,11.4609571365
149,28.0,-14.0,2,11.4609571365
150,7.0,-14.0,2,11.4609571365
151,17.0,-14.0,2,11.4609571365
152,2.0,-14.0,2,11.4609571365
153,-5.0,-14.0,2,11.4609571365
154,26.0,-14.0,2,11.4609571365
155,5.0,-14.0,2,11.4609571365
156,-0.0,-14.0,2,11.4609571365
157,18.0,-14.0,2,11.4609571365
158,14.0,-14.0,2,11.4609571365
159,25.0,-14.0,2,11.4609571365
160,21.0,-14.0,2,11.4609571365
161,13.0,-14.0,2,11.4609571365
162,8.0,-14.0,2,11.4609571365
163,31.0,-14.0,2,11.4609571365
164,7.0,-14.0,2,11.4609571365
165,27.0,-14.0,2,11.4609571365
166,-2.0,-14.0,2,11.4609571365
167,-2.0,-14.0,2,11.4609571365
168,10.0,-14.0,2,11.4609571365
169,7.0,-14.0,2,11.4609571365
170,7.0,-14.0,2,11.4609571365
171,5.0,-14.0,2,11.4609571365
172,20.0,-14.0,2,11.4609571365
173,11.0,-14.0,2,11.4609571365
174,9.0,-14.0,2,11.4609571365
175,-11.0,-14.0,2,11.4609571365
176,10.0,-14.0,2,11.4609571365
177,18.0,-14.0,2,11.4609571365
178,-14.0,2.0,2,11.4609571365
179,-12.0,2.0,2,11.4609571365
180,0.0,2.0,2,11.4609571365
181,-2.0,2.0,2,11.4609571365
182,-27.0,2.0,2,11.4609571365
183,14.0,2.0,2,11.4609571365
184,1.0,2.0,2,11.4609571365
185,-14.0,2.0,2,11.4609571365
186,2.0,2.0,2,11.4609571365
187,9.0,2.0,2,11.4609571365
188,-5.0,2.0,2,11.4609571365
189,1.0,2.0,2,11.4609571365
190,-25.0,2.0,2,11.4609571365
191,-19.0,2.0,2,11.4609571365
192,-5.0,2.0,2,11.4609571365
193,7.0,2.0,2,11.4609571365
194,18.0,2.0,2,11.4609571365
195,2.0,2.0,2,11.4609571365
196,-12.0,2.0,2,11.4609571365
197,17.0,2.0,2,11.4609571365
198,23.0,2.0,2,11.4609571365
199,8.0,2.0,2,11.4609571365
200,-10.0,2.0,2,11.4609571365
201,16.0,2.0,2,11.4609571365
202,0.0,2.0,2,11.4609571365
203,-9.0,2.0,2,11.4609571365
204,-18.0,2.0,2,11.4609571365
205,-4.0,2.0,2,11.4609571365
206,10.0,2.0,2,11.4609571365
207,6.0,2.0,2,11.4609571365
208,-7.0,2.0,2,11.4609571365
209,-9.0,2.0,2,11.4609571365
210,21.0,2.0,2,11.4609571365
211,-13.0,2.0,2,11.4609571365
212,-12.0,2.0,2,11.4609571365
213,-13.0,2.0,2,11.4609571365
214,-11.0,2.0,2,11.4609571365
215,-12.0,2.0,2,11.4609571365
216,3.0,2.0,2,11.4609571365
217,-13.0,2.0,2,11.4609571365
218,-9.0,2.0,2,11.4609571365
219,-33.0,2.0,2,11.4609571365
220,-24.0,2.0,2,11.4609571365
221,-7.0,2.0,2,11.4609571365
222,5.0,2.0,2,11.4609571365
223,-10.0,2.0,2,11.4609571365
224,7.0,2.0,2,11.4609571365
225,-27.0,2.0,2,11.4609571365
226,15.0,2.0,2,11.4609571365
227,14.0,2.0,2,11.4609571365
228,3.0,2.0,2,11.4609571365
229,-2.0,2.0,2,11.4609571365
230,-16.0,2.0,2,11.4609571365
231,-4.0,2.0,2,11.4609571365
232,-11.0,2.0,2,11.4609571365
233,0.0,2.0,2,11.4609571365
234,14.0,2.0,2,11.4609571365
235,15.0,2.0,2,11.4609571365
236,-4.0,2.0,2,11.4609571365
237,-23.0,2.0,2,11.4609571365
238,25.0,-21.0,4,11.4609571365
239,4.0,-21.0,4,11.4609571365
240,10.0,-21.0,4,11.4609571365
241,20.0,-21.0,4,11.4609571365
242,16.0,-21.0,4,11.4609571365
243,19.0,-21.0,4,11.4609571365
244,31.0,-21.0,4,11.4609571365
245,8.0,-21.0,4,11.4609571365
246,17.0,-21.0,4,11.4609571365
247,-7.0,-21.0,4,11.4609571365
248,12.0,-21.0,4,11.4609571365
249,7.0,-21.0,4,11.4609571365
250,32.0,-21.0,4,11.4609571365
251,17.0,-21.0,4,11.4609571365
252,11.0,-21.0,4,11.4609571365
253,13.0,-21.0,4,11.4609571365
254,19.0,-21.0,4,11.4609571365
255,2.0,-21.0,4,11.4609571365
256,-25.0,-21.0,4,11.4609571365
257,23.0,-21.0,4,11.4609571365
258,16.0,-21.0,4,11.4609571365
259,12.0,-21.0,4,11.4609571365
260,4.0,-21.0,4,11.4609571365
261,20.0,-21.0,4,11.4609571365
262,9.0,-21.0,4,11.4609571365
263,17.0,-21.0,4,11.4609571365
264,12.0,-21.0,4,11.4609571365
265,14.0,-21.0,4,11.4609571365
266,-2.0,-21.0,4,11.4609571365
267,9.0,-21.0,4,11.4609571365
268,8.0,-21.0,4,11.4609571365
269,13.0,-21.0,4,11.4609571365
270,17.0,-21.0,4,11.4609571365
271,18.0,-21.0,4,11.4609571365
272,28.0,-21.0,4,11.4609571365
273,29.0,-21.0,4,11.4609571365
274,12.0,-21.0,4,11.4609571365
275,3.0,-21.0,4,11.4609571365
276,20.0,-21.0,4,11.4609571365
277,18.0,-21.0,4,11.4609571365
278,-5.0,-21.0,4,11.4609571365
279,15.0,-21.0,4,11.4609571365
280,22.0,-21.0,4,11.4609571365
281,10.0,-21.0,4,11.4609571365
282,8.0,-21.0,4,11.4609571365
283,-8.0,-21.0,4,11.4609571365
284,10.0,-21.0,4,11.4609571365
285,8.0,-21.0,4,11.4609571365
286,18.0,-21.0,4,11.4609571365
287,26.0,-21.0,4,11.4609571365
288,22.0,-21.0,4,11.4609571365
289,7.0,-21.0,4,11.4609571365
290,29.0,-21.0,4,11.4609571365
291,6.0,-21.0,4,11.4609571365
292,18.0,-21.0,4,11.4609571365
293,17.0,-21.0,4,11.4609571365
294,31.0,-21.0,4,11.4609571365
295,11.0,-21.0,4,11.4609571365
296,-4.0,-21.0,4,11.4609571365
297,5.0,-21.0,4,11.4609571365
298,-19.0,-1.0,4,11.4609571365
299,-8.0,-1.0,4,11.4609571365
300,8.0,-1.0,4,11.4609571365
301,0.0,-1.0,4,11.4609571365
302,-7.0,-1.0,4,11.4609571365
303,6.0,-1.0,4,11.4609571365
304,-4.0,-1.0,4,11.4609571365
305,-5.0,-1.0,4,11.4609571365
306,-2.0,-1.0,4,11.4609571365
307,3.0,-1.0,4,11.4609571365
308,5.0,-1.0,4,11.4609571365
309,7.0,-1.0,4,11.4609571365
310,19.0,-1.0,4,11.4609571365
311,32.0,-1.0,4,11.4609571365
312,11.0,-1.0,4,11.4609571365
313,-7.0,-1.0,4,11.4609571365
314,2.0,-1.0,4,11.4609571365
315,5.0,-1.0,4,11.4609571365
316,-18.0,-1.0,4,11.4609571365
317,5.0,-1.0,4,11.4609571365
318,-13.0,-1.0,4,11.4609571365
319,-4.0,-1.0,4,11.4609571365
320,-1.0,-1.0,4,11.4609571365
321,-19.0,-1.0,4,11.4609571365
322,-10.0,-1.0,4,11.4609571365
323,-17.0,-1.0,4,11.4609571365
324,-13.0,-1.0,4,11.4609571365
325,27.0,-1.0,4,11.4609571365
326,4.0,-1.0,4,11.4609571365
327,11.0,-1.0,4,11.4609571365
328,7.0,-1.0,4,11.4609571365
329,-14.0,-1.0,4,11.4609571365
330,-7.0,-1.0,4,11.4609571365
331,0.0,-1.0,4,11.4609571365
332,11.0,-1.0,4,11.4609571365
333,-11.0,-1.0,4,11.4609571365
334,-28.0,-1.0,4,11.4609571365
335,13.0,-1.0,4,11.4609571365
336,-8.0,-1.0,4,11.4609571365
337,-12.0,-1.0,4,11.4609571365
338,0.0,-1.0,4,11.4609571365
339,-11.0,-1.0,4,11.4609571365
340,-3.0,-1.0,4,11.4609571365
341,18.0,-1.0,4,11.4609571365
342,0.0,-1.0,4,11.4609571365
343,13.0,-1.0,4,11.4609571365
344,-8.0,-1.0,4,11.4609571365
345,16.0,-1.0,4,11.4609571365
346,7.0,-1.0,4,11.4609571365
347,-21.0,-1.0,4,11.4609571365
348,-8.0,-1.0,4,11.4609571365
349,-1.0,-1.0,4,11.4609571365
350,25.0,-1.0,4,11.4609571365
351,-6.0,-1.0,4,11.4609571365
352,-14.0,-1.0,4,11.4609571365
353,10.0,-1.0,4,11.4609571365
354,-10.0,-1.0,4,11.4609571365
355,16.0,-1.0,4,11.4609571365
356,35.0,-1.0,4,11.4609571365
357,-7.0,-1.0,4,11.4609571365
358,15.0,-8.0,6,11.4609571365
359,20.0,-8.0,6,11.4609571365
360,8.0,-8.0,6,11.4609571365
361,-8.0,-8.0,6,11.4609571365
362,6.0,-8.0,6,11.4609571365
363,12.0,-8.0,6,11.4609571365
364,13.0,-8.0,6,11.4609571365
365,16.0,-8.0,6,11.4609571365
366,10.0,-8.0,6,11.4609571365
367,19.0,-8.0,6,11.4609571365
368,15.0,-8.0,6,11.4609571365
369,5.0,-8.0,6,11.4609571365
370,29.0,-8.0,6,11.4609571365
371,18.0,-8.0,6,11.4609571365
372,-1.0,-8.0,6,11.4609571365
373,-5.0,-8.0,6,11.4609571365
374,7.0,-8.0,6,11.4609571365
375,0.0,-8.0,6,11.4609571365
376,24.0,-8.0,6,11.4609571365
377,7.0,-8.0,6,11.4609571365
378,20.0,-8.0,6,11.4609571365
379,12.0,-8.0,6,11.4609571365
380,12.0,-8.0,6,11.4609571365
381,1.0,-8.0,6,11.4609571365
382,42.0,-8.0,6,11.4609571365
383,22.0,-8.0,6,11.4609571365
384,2.0,-8.0,6,11.4609571365
385,9.0,-8.0,6,11.4609571365
386,15.0,-8.0,6,11.4609571365
387,-12.0,-8.0,6,11.4609571365
388,25.0,-8.0,6,11.4609571365
389,-0.0,-8.0,6,11.4609571365
390,16.0,-8.0,6,11.4609571365
391,37.0,-8.0,6,11.4609571365
392,18.0,-8.0,6,11.4609571365
393,7.0,-8.0,6,11.4609571365
394,28.0,-8.0,6,11.4609571365
395,29.0,-8.0,6,11.4609571365
396,5.0,-8.0,6,11.4609571365
397,3.0,-8.0,6,11.4609571365
398,12.0,-8.0,6,11.4609571365
399,8.0,-8.0,6,11.4609571365
400,9.0,-8.0,6,11.4609571365
401,18.0,-8.0,6,11.4609571365
402,14.0,-8.0,6,11.4609571365
403,5.0,-8.0,6,11.4609571365
404,25.0,-8.0,6,11.4609571365
405,19.0,-8.0,6,11.4609571365
406,23.0,-8.0,6,11.4609571365
407,6.0,-8.0,6,11.4609571365
408,15.0,-8.0,6,11.4609571365
409,1.0,-8.0,6,11.4609571365
410,15.0,-8.0,6,11.4609571365
411,20.0,-8.0,6,11.4609571365
412,15.0,-8.0,6,11.4609571365
413,23.0,-8.0,6,11.4609571365
414,22.0,-8.0,6,11.4609571365
415,14.0,-8.0,6,11.4609571365
416,29.0,-8.0,6,11.4609571365
417,-2.0,-8.0,6,11.4609571365
418,-2.0,-1.0,6,11.4609571365
419,35.0,-1.0,6,11.4609571365
420,2.0,-1.0,6,11.4609571365
421,-2.0,-1.0,6,11.4609571365
422,-22.0,-1.0,6,11.4609571365
423,8.0,-1.0,6,11.4609571365
424,-25.0,-1.0,6,11.4609571365
425,-19.0,-1.0,6,11.4609571365
426,-8.0,-1.0,6,11.4609571365
427,14.0,-1.0,6,11.4609571365
428,10.0,-1.0,6,11.4609571365
429,6.0,-1.0,6,11.4609571365
430,-3.0,-1.0,6,11.4609571365
431,-9.0,-1.0,6,11.4609571365
432,5.0,-1.0,6,11.4609571365
433,-10.0,-1.0,6,11.4609571365
434,-24.0,-1.0,6,11.4609571365
435,18.0,-1.0,6,11.4609571365
436,-12.0,-1.0,6,11.4609571365
437,-33.0,-1.0,6,11.4609571365
438,-6.0,-1.0,6,11.4609571365
439,-10.0,-1.0,6,11.4609571365
440,-5.0,-1.0,6,11.4609571365
441,-10.0,-1.0,6,11.4609571365
442,-2.0,-1.0,6,11.4609571365
443,-13.0,-1.0,6,11.4609571365
444,7.0,-1.0,6,11.4609571365
445,-3.0,-1.0,6,11.4609571365
446,-10.0,-1.0,6,11.4609571365
447,10.0,-1.0,6,11.4609571365
448,35.0,-1.0,6,11.4609571365
449,-2.0,-1.0,6,11.4609571365
450,7.0,-1.0,6,11.4609571365
451,-11.0,-1.0,6,11.4609571365
452,-20.0,-1.0,6,11.4609571365
453,-11.0,-1.0,6,11.4609571365
454,-9.0,-1.0,6,11.4609571365
455,-4.0,-1.0,6,11.4609571365
456,38.0,-1.0,6,11.4609571365
457,-9.0,-1.0,6,11.4609571365
458,19.0,-1.0,6,11.4609571365
459,5.0,-1.0,6,11.4609571365
460,4.0,-1.0,6,11.4609571365
461,22.0,-1.0,6,11.4609571365
462,-24.0,-1.0,6,11.4609571365
463,-7.0,-1.0,6,11.4609571365
464,31.0,-1.0,6,11.4609571365
465,4.0,-1.0,6,11.4609571365
466,-4.0,-1.0,6,11.4609571365
467,15.0,-1.0,6,11.4609571365
468,-13.0,-1.0,6,11.4609571365
469,0.0,-1.0,6,11.4609571365
470,11.0,-1.0,6,11.4609571365
471,0.0,-1.0,6,11.4609571365
472,17.0,-1.0,6,11.4609571365
473,9.0,-1.0,6,11.4609571365
474,-3.0,-1.0,6,11.4609571365
475,-15.0,-1.0,6,11.4609571365
476,4.0,-1.0,6,11.4609571365
477,19.0,-1.0,6,11.4609571365
478,-0.0,-13.0,8,11.4609571365
479,11.0,-13.0,8,11.4609571365
480,22.0,-13.0,8,11.4609571365
481,35.0,-13.0,8,11.4609571365
482,17.0,-13.0,8,11.4609571365
483,-13.0,-13.0,8,11.4609571365
484,5.0,-13.0,8,11.4609571365
485,30.0,-13.0,8,11.4609571365
486,18.0,-13.0,8,11.4609571365
487,-6.0,-13.0,8,11.4609571365
488,9.0,-13.0,8,11.4609571365
489,19.0,-13.0,8,11.4609571365
490,23.0,-13.0,8,11.4609571365
491,8.0,-13.0,8,11.4609571365
492,14.0,-13.0,8,11.4609571365
493,11.0,-13.0,8,11.4609571365
494,2.0,-13.0,8,11.4609571365
495,15.0,-13.0,8,11.4609571365
496,10.0,-13.0,8,11.4609571365
497,2.0,-13.0,8,11.4609571365
498,15.0,-13.0,8,11.4609571365
499,10.0,-13.0,8,11.4609571365
500,15.0,-13.0,8,11.4609571365
501,12.0,-13.0,8,11.4609571365
502,21.0,-13.0,8,11.4609571365
503,21.0,-13.0,8,11.4609571365
504,25.0,-13.0,8,11.4609571365
505,0.0,-13.0,8,11.4609571365
506,18.0,-13.0,8,11.4609571365
507,17.0,-13.0,8,11.4609571365
508,5.0,-13.0,8,11.4609571365
509,33.0,-13.0,8,11.4609571365
510,26.0,-13.0,8,11.4609571365
511,-6.0,-13.0,8,11.4609571365
512,13.0,-13.0,8,11.4609571365
513,21.0,-13.0,8,11.4609571365
514,22.0,-13.0,8,11.4609571365
515,28.0,-13.0,8,11.4609571365
516,11.0,-13.0,8,11.4609571365
517,0.0,-13.0,8,11.4609571365
518,13.0,-13.0,8,11.4609571365
519,21.0,-13.0,8,11.4609571365
520,19.0,-13.0,8,11.4609571365
521,34.0,-13.0,8,11.4609571365
522,16.0,-13.0,8,11.4609571365
523,30.0,-13.0,8,11.4609571365
524,14.0,-13.0,8,11.4609571365
525,11.0,-13.0,8,11.4609571365
526,10.0,-13.0,8,11.4609571365
527,3.0,-13.0,8,11.4609571365
528,25.0,-13.0,8,11.4609571365
529,30.0,-13.0,8,11.4609571365
530,10.0,-13.0,8,11.4609571365
531,20.0,-13.0,8,11.4609571365
532,5.0,-13.0,8,11.4609571365
533,35.0,-13.0,8,11.4609571365
534,1.0,-13.0,8,11.4609571365
535,13.0,-13.0,8,11.4609571365
536,14.0,-13.0,8,11.4609571365
537,17.0,-13.0,8,11.4609571365
538,0.0,0.0,8,11.4609571365
539,-13.0,0.0,8,11.4609571365
540,-14.0,0.0,8,11.4609571365
541,-9.0,0.0,8,11.4609571365
542,8.0,0.0,8,11.4609571365
543,41.0,0.0,8,11.4609571365
544,9.0,0.0,8,11.4609571365
545,14.0,0.0,8,11.4609571365
546,-2.0,0.0,8,11.4609571365
547,17.0,0.0,8,11.4609571365
548,0.0,0.0,8,11.4609571365
549,-4.0,0.0,8,11.4609571365
550,21.0,0.0,8,11.4609571365
551,-2.0,0.0,8,11.4609571365
552,4.0,0.0,8,11.4609571365
553,11.0,0.0,8,11.4609571365
554,-3.0,0.0,8,11.4609571365
555,16.0,0.0,8,11.4609571365
556,2.0,0.0,8,11.4609571365
557,-25.0,0.0,8,11.4609571365
558,-18.0,0.0,8,11.4609571365
559,1.0,0.0,8,11.4609571365
560,-15.0,0.0,8,11.4609571365
561,8.0,0.0,8,11.4609571365
562,-7.0,0.0,8,11.4609571365
563,-4.0,0.0,8,11.4609571365
564,-3.0,0.0,8,11.4609571365
565,1.0,0.0,8,11.4609571365
566,2.0,0.0,8,11.4609571365
567,-9.0,0.0,8,11.4609571365
568,-2.0,0.0,8,11.4609571365
569,11.0,0.0,8,11.4609571365
570,9.0,0.0,8,11.4609571365
571,-2.0,0.0,8,11.4609571365
572,-2.0,0.0,8,11.4609571365
573,-9.0,0.0,8,11.4609571365
574,11.0,0.0,8,11.4609571365
575,-2.0,0.0,8,11.4609571365
576,-5.0,0.0,8,11.4609571365
577,4.0,0.0,8,11.4609571365
578,21.0,0.0,8,11.4609571365
579,-10.0,0.0,8,11.4609571365
580,7.0,0.0,8,11.4609571365
581,-3.0,0.0,8,11.4609571365
582,-12.0,0.0,8,11.4609571365
583,-28.0,0.0,8,11.4609571365
584,15.0,0.0,8,11.4609571365
585,14.0,0.0,8,11.4609571365
586,-6.0,0.0,8,11.4609571365
587,4.0,0.0,8,11.4609571365
588,0.0,0.0,8,11.4609571365
589,-4.0,0.0,8,11.4609571365
590,0.0,0.0,8,11.4609571365
591,-12.0,0.0,8,11.4609571365
592,-13.0,0.0,8,11.4609571365
593,-27.0,0.0,8,11.4609571365
594,9.0,0.0,8,11.4609571365
595,-7.0,0.0,8,11.4609571365
596,10.0,0.0,8,11.4609571365
597,-13.0,0.0,8,11.4609571365
598,37.0,-14.0,1,11.4609571365
599,22.0,-14.0,1,11.4609571365
600,3.0,-14.0,1,11.4609571365
601,15.0,-14.0,1,11.4609571365
602,3.0,-14.0,1,11.4609571365
603,14.0,-14.0,1,11.4609571365
604,-9.0,-14.0,1,11.4609571365
605,-4.0,-14.0,1,11.4609571365
606,14.0,-14.0,1,11.4609571365
607,14.0,-14.0,1,11.4609571365
608,2.0,-14.0,1,11.4609571365
609,13.0,-14.0,1,11.4609571365
610,6.0,-14.0,1,11.4609571365
611,6.0,-14.0,1,11.4609571365
612,-2.0,-14.0,1,11.4609571365
613,7.0,-14.0,1,11.4609571365
614,10.0,-14.0,1,11.4609571365
615,3.0,-14.0,1,11.4609571365
616,3.0,-14.0,1,11.4609571365
617,20.0,-14.0,1,11.4609571365
618,21.0,-14.0,1,11.4609571365
619,10.0,-14.0,1,11.4609571365
620,16.0,-14.0,1,11.4609571365
621,10.0,-14.0,1,11.4609571365
622,10.0,-14.0,1,11.4609571365
623,7.0,-14.0,1,11.4609571365
624,28.0,-14.0,1,11.4609571365
625,8.0,-14.0,1,11.4609571365
626,21.0,-14.0,1,11.4609571365
627,29.0,-14.0,1,11.4609571365
628,5.0,-14.0,1,11.4609571365
629,14.0,-14.0,1,11.4609571365
630,2.0,-14.0,1,11.4609571365
631,24.0,-14.0,1,11.4609571365
632,12.0,-14.0,1,11.4609571365
633,17.0,-14.0,1,11.4609571365
634,14.0,-14.0,1,11.4609571365
635,15.0,-14.0,1,11.4609571365
636,38.0,-14.0,1,11.4609571365
637,20.0,-14.0,1,11.4609571365
638,9.0,-14.0,1,11.4609571365
639,9.0,-14.0,1,11.4609571365
640,8.0,-14.0,1,11.4609571365
641,14.0,-14.0,1,11.4609571365
642,-1.0,-14.0,1,11.4609571365
643,-0.0,-14.0,1,11.4609571365
644,1.0,-14.0,1,11.4609571365
645,19.0,-14.0,1,11.4609571365
646,15.0,-14.0,1,11.4609571365
647,-1.0,-14.0,1,11.4609571365
648,7.0,-14.0,1,11.4609571365
649,8.0,-14.0,1,11.4609571365
650,11.0,-14.0,1,11.4609571365
651,19.0,-14.0,1,11.4609571365
652,41.0,-14.0,1,11.4609571365
653,6.0,-14.0,1,11.4609571365
654,-8.0,-14.0,1,11.4609571365
655,-28.0,0.0,1,11.4609571365
656,-19.0,0.0,1,11.4609571365
657,-3.0,0.0,1,11.4609571365
658,-8.0,0.0,1,11.4609571365
659,5.0,0.0,1,11.4609571365
660,-9.0,0.0,1,11.4609571365
661,-2.0,0.0,1,11.4609571365
662,-20.0,0.0,1,11.4609571365
663,4.0,0.0,1,11.4609571365
664,9.0,0.0,1,11.4609571365
665,2.0,0.0,1,11.4609571365
666,13.0,0.0,1,11.4609571365
667,-15.0,0.0,1,11.4609571365
668,5.0,0.0,1,11.4609571365
669,-9.0,0.0,1,11.4609571365
670,-4.0,0.0,1,11.4609571365
671,-14.0,0.0,1,11.4609571365
672,11.0,0.0,1,11.4609571365
673,0.0,0.0,1,11.4609571365
674,11.0,0.0,1,11.4609571365
675,-4.0,0.0,1,11.4609571365
676,-8.0,0.0,1,11.4609571365
677,-20.0,0.0,1,11.4609571365
678,10.0,0.0,1,11.4609571365
679,25.0,0.0,1,11.4609571365
680,10.0,0.0,1,11.4609571365
681,23.0,0.0,1,11.4609571365
682,8.0,0.0,1,11.4609571365
683,-13.0,0.0,1,11.4609571365
684,0.0,0.0,1,11.4609571365
685,20.0,0.0,1,11.4609571365
686,-4.0,0.0,1,11.4609571365
687,21.0,0.0,1,11.4609571365
688,-4.0,0.0,1,11.4609571365
689,-5.0,0.0,1,11.4609571365
690,-19.0,0.0,1,11.4609571365
691,-23.0,0.0,1,11.4609571365
692,7.0,0.0,1,11.4609571365
693,20.0,0.0,1,11.4609571365
694,15.0,0.0,1,11.4609571365
695,5.0,0.0,1,11.4609571365
696,3.0,0.0,1,11.4609571365
697,-5.0,0.0,1,11.4609571365
698,19.0,0.0,1,11.4609571365
699,12.0,0.0,1,11.4609571365
700,38.0,0.0,1,11.4609571365
701,0.0,0.0,1,11.4609571365
702,7.0,0.0,1,11.4609571365
703,-15.0,0.0,1,11.4609571365
704,-5.0,0.0,1,11.4609571365
705,-6.0,0.0,1,11.4609571365
706,-9.0,0.0,1,11.4609571365
707,6.0,0.0,1,11.4609571365
708,3.0,0.0,1,11.4609571365
709,4.0,0.0,1,11.4609571365
710,5.0,0.0,1,11.4609571365
711,24.0,0.0,1,11.4609571365
712,11.0,-19.0,3,11.4609571365
713,23.0,-19.0,3,11.4609571365
714,9.0,-19.0,3,11.4609571365
715,1.0,-19.0,3,11.4609571365
716,7.0,-19.0,3,11.4609571365
717,6.0,-19.0,3,11.4609571365
718,14.0,-19.0,3,11.4609571365
719,3.0,-19.0,3,11.4609571365
720,4.0,-19.0,3,11.4609571365
721,6.0,-19.0,3,11.4609571365
722,5.0,-19.0,3,11.4609571365
723,6.0,-19.0,3,11.4609571365
724,20.0,-19.0,3,11.4609571365
725,8.0,-19.0,3,11.4609571365
726,8.0,-19.0,3,11.4609571365
727,11.0,-19.0,3,11.4609571365
728,5.0,-19.0,3,11.4609571365
729,16.0,-19.0,3,11.4609571365
730,11.0,-19.0,3,11.4609571365
731,5.0,-19.0,3,11.4609571365
732,5.0,-19.0,3,11.4609571365
733,7.0,-19.0,3,11.4609571365
734,19.0,-19.0,3,11.4609571365
735,16.0,-19.0,3,11.4609571365
736,20.0,-19.0,3,11.4609571365
737,-3.0,-19.0,3,11.4609571365
738,10.0,-19.0,3,11.4609571365
739,13.0,-19.0,3,11.4609571365
740,8.0,-19.0,3,11.4609571365
741,-1.0,-19.0,3,11.4609571365
742,-12.0,-19.0,3,11.4609571365
743,5.0,-19.0,3,11.4609571365
744,-6.0,-19.0,3,11.4609571365
745,15.0,-19.0,3,11.4609571365
746,12.0,-19.0,3,11.4609571365
747,22.0,-19.0,3,11.4609571365
748,6.0,-19.0,3,11.4609571365
749,15.0,-19.0,3,11.4609571365
750,-0.0,-19.0,3,11.4609571365
751,10.0,-19.0,3,11.4609571365
752,1.0,-19.0,3,11.4609571365
753,3.0,-19.0,3,11.4609571365
754,13.0,-19.0,3,11.4609571365
755,22.0,-19.0,3,11.4609571365
756,-9.0,-19.0,3,11.4609571365
757,24.0,-19.0,3,11.4609571365
758,15.0,-19.0,3,11.4609571365
759,1.0,-19.0,3,11.4609571365
760,23.0,-19.0,3,11.4609571365
761,29.0,-19.0,3,11.4609571365
762,15.0,-19.0,3,11.4609571365
763,-6.0,-19.0,3,11.4609571365
764,-3.0,-19.0,3,11.4609571365
765,15.0,-19.0,3,11.4609571365
766,14.0,-19.0,3,11.4609571365
767,17.0,-19.0,3,11.4609571365
768,8.0,-19.0,3,11.4609571365
769,3.0,-1.0,3,11.4609571365
770,12.0,-1.0,3,11.4609571365
771,4.0,-1.0,3,11.4609571365
772,7.0,-1.0,3,11.4609571365
773,0.0,-1.0,3,11.4609571365
774,-14.0,-1.0,3,11.4609571365
775,38.0,-1.0,3,11.4609571365
776,-9.0,-1.0,3,11.4609571365
777,-15.0,-1.0,3,11.4609571365
778,-10.0,-1.0,3,11.4609571365
779,11.0,-1.0,3,11.4609571365
780,-12.0,-1.0,3,11.4609571365
781,-17.0,-1.0,3,11.4609571365
782,7.0,-1.0,3,11.4609571365
783,23.0,-1.0,3,11.4609571365
784,20.0,-1.0,3,11.4609571365
785,10.0,-1.0,3,11.4609571365
786,-12.0,-1.0,3,11.4609571365
787,-20.0,-1.0,3,11.4609571365
788,3.0,-1.0,3,11.4609571365
789,7.0,-1.0,3,11.4609571365
790,-2.0,-1.0,3,11.4609571365
791,-2.0,-1.0,3,11.4609571365
792,1.0,-1.0,3,11.4609571365
793,-10.0,-1.0,3,11.4609571365
794,-2.0,-1.0,3,11.4609571365
795,1.0,-1.0,3,11.4609571365
796,-6.0,-1.0,3,11.4609571365
797,-35.0,-1.0,3,11.4609571365
798,15.0,-1.0,3,11.4609571365
799,-20.0,-1.0,3,11.4609571365
800,9.0,-1.0,3,11.4609571365
801,-15.0,-1.0,3,11.4609571365
802,3.0,-1.0,3,11.4609571365
803,-12.0,-1.0,3,11.4609571365
804,-17.0,-1.0,3,11.4609571365
805,3.0,-1.0,3,11.4609571365
806,-13.0,-1.0,3,11.4609571365
807,-7.0,-1.0,3,11.4609571365
808,2.0,-1.0,3,11.4609571365
809,11.0,-1.0,3,11.4609571365
810,-3.0,-1.0,3,11.4609571365
811,-10.0,-1.0,3,11.4609571365
812,11.0,-1.0,3,11.4609571365
813,-4.0,-1.0,3,11.4609571365
814,7.0,-1.0,3,11.4609571365
815,5.0,-1.0,3,11.4609571365
816,25.0,-1.0,3,11.4609571365
817,-16.0,-1.0,3,11.4609571365
818,8.0,-1.0,3,11.4609571365
819,-2.0,-1.0,3,11.4609571365
820,6.0,-1.0,3,11.4609571365
821,-3.0,-1.0,3,11.4609571365
822,-11.0,-1.0,3,11.4609571365
823,2.0,-1.0,3,11.4609571365
824,-16.0,-1.0,3,11.4609571365
825,-11.0,-1.0,3,11.4609571365
826,18.0,-1.0,5,11.4609571365
827,-2.0,-1.0,5,11.4609571365
828,-8.0,-1.0,5,11.4609571365
829,-9.0,-1.0,5,11.4609571365
830,12.0,-1.0,5,11.4609571365
831,13.0,-1.0,5,11.4609571365
832,13.0,-1.0,5,11.4609571365
833,17.0,-1.0,5,11.4609571365
834,16.0,-1.0,5,11.4609571365
835,14.0,-1.0,5,11.4609571365
836,18.0,-1.0,5,11.4609571365
837,-2.0,-1.0,5,11.4609571365
838,15.0,-1.0,5,11.4609571365
839,4.0,-1.0,5,11.4609571365
840,13.0,-1.0,5,11.4609571365
841,-13.0,-1.0,5,11.4609571365
842,20.0,-1.0,5,11.4609571365
843,-6.0,-1.0,5,11.4609571365
844,9.0,-1.0,5,11.4609571365
845,29.0,-1.0,5,11.4609571365
846,9.0,-1.0,5,11.4609571365
847,11.0,-1.0,5,11.4609571365
848,-3.0,-1.0,5,11.4609571365
849,6.0,-1.0,5,11.4609571365
850,21.0,-1.0,5,11.4609571365
851,1.0,-1.0,5,11.4609571365
852,8.0,-1.0,5,11.4609571365
853,5.0,-1.0,5,11.4609571365
854,9.0,-1.0,5,11.4609571365
855,-2.0,-1.0,5,11.4609571365
856,-0.0,-1.0,5,11.4609571365
857,6.0,-1.0,5,11.4609571365
858,18.0,-1.0,5,11.4609571365
859,4.0,-1.0,5,11.4609571365
860,26.0,-1.0,5,11.4609571365
861,8.0,-1.0,5,11.4609571365
862,20.0,-1.0,5,11.4609571365
863,-10.0,-1.0,5,11.4609571365
864,-1.0,-1.0,5,11.4609571365
865,18.0,-1.0,5,11.4609571365
866,-0.0,-1.0,5,11.4609571365
867,22.0,-1.0,5,11.4609571365
868,2.0,-1.0,5,11.4609571365
869,12.0,-1.0,5,11.4609571365
870,15.0,-1.0,5,11.4609571365
871,8.0,-1.0,5,11.4609571365
872,3.0,-1.0,5,11.4609571365
873,6.0,-1.0,5,11.4609571365
874,21.0,-1.0,5,11.4609571365
875,15.0,-1.0,5,11.4609571365
876,4.0,-1.0,5,11.4609571365
877,10.0,-1.0,5,11.4609571365
878,0.0,-1.0,5,11.4609571365
879,17.0,-1.0,5,11.4609571365
880,5.0,-1.0,5,11.4609571365
881,6.0,-1.0,5,11.4609571365
882,15.0,-1.0,5,11.4609571365
883,21.0,-1.0,5,11.4609571365
884,-10.0,-1.0,5,11.4609571365
885,-3.0,-1.0,5,11.4609571365
886,-1.0,-1.0,5,11.4609571365
887,3.0,-1.0,5,11.4609571365
888,-2.0,-1.0,5,11.4609571365
889,-8.0,-1.0,5,11.4609571365
890,7.0,-1.0,5,11.4609571365
891,19.0,-1.0,5,11.4609571365
892,2.0,-1.0,5,11.4609571365
893,-2.0,-1.0,5,11.4609571365
894,19.0,-1.0,5,11.4609571365
895,-9.0,-1.0,5,11.4609571365
896,-16.0,-1.0,5,11.4609571365
897,0.0,-1.0,5,11.4609571365
898,-27.0,-1.0,5,11.4609571365
899,28.0,-1.0,5,11.4609571365
900,-17.0,-1.0,5,11.4609571365
901,-16.0,-1.0,5,11.4609571365
902,-19.0,-1.0,5,11.4609571365
903,20.0,-1.0,5,11.4609571365
904,-19.0,-1.0,5,11.4609571365
905,16.0,-1.0,5,11.4609571365
906,10.0,-1.0,5,11.4609571365
907,0.0,-1.0,5,11.4609571365
908,11.0,-1.0,5,11.4609571365
909,7.0,-1.0,5,11.4609571365
910,-4.0,-1.0,5,11.4609571365
911,-10.0,-1.0,5,11.4609571365
912,9.0,-1.0,5,11.4609571365
913,-16.0,-1.0,5,11.4609571365
914,-6.0,-1.0,5,11.4609571365
915,13.0,-1.0,5,11.4609571365
916,6.0,-1.0,5,11.4609571365
917,2.0,-1.0,5,11.4609571365
918,19.0,-1.0,5,11.4609571365
919,-9.0,-1.0,5,11.4609571365
920,-3.0,-1.0,5,11.4609571365
921,-20.0,-1.0,5,11.4609571365
922,-18.0,-1.0,5,11.4609571365
923,-21.0,-1.0,5,11.4609571365
924,6.0,-1.0,5,11.4609571365
925,34.0,-1.0,5,11.4609571365
926,-8.0,-1.0,5,11.4609571365
927,11.0,-1.0,5,11.4609571365
928,-14.0,-1.0,5,11.4609571365
929,-7.0,-1.0,5,11.4609571365
930,-12.0,-1.0,5,11.4609571365
931,8.0,-1.0,5,11.4609571365
932,12.0,-1.0,5,11.4609571365
933,-1.0,-1.0,5,11.4609571365
934,-7.0,-1.0,5,11.4609571365
935,-5.0,-1.0,5,11.4609571365
936,-5.0,-1.0,5,11.4609571365
937,-1.0,-1.0,5,11.4609571365
938,5.0,-1.0,5,11.4609571365
939,-5.0,-1.0,5,11.4609571365
940,8.0,-1.0,5,11.4609571365
941,23.0,-1.0,5,11.4609571365
942,15.0,-7.0,7,11.4609571365
943,31.0,-7.0,7,11.4609571365
944,34.0,-7.0,7,11.4609571365
945,5.0,-7.0,7,11.4609571365
946,17.0,-7.0,7,11.4609571365
947,20.0,-7.0,7,11.4609571365
948,-10.0,-7.0,7,11.4609571365
949,6.0,-7.0,7,11.4609571365
950,14.0,-7.0,7,11.4609571365
951,30.0,-7.0,7,11.4609571365
952,20.0,-7.0,7,11.4609571365
953,13.0,-7.0,7,11.4609571365
954,6.0,-7.0,7,11.4609571365
955,9.0,-7.0,7,11.4609571365
956,7.0,-7.0,7,11.4609571365
957,3.0,-7.0,7,11.4609571365
958,9.0,-7.0,7,11.4609571365
959,10.0,-7.0,7,11.4609571365
960,32.0,-7.0,7,11.4609571365
961,19.0,-7.0,7,11.4609571365
962,16.0,-7.0,7,11.4609571365
963,25.0,-7.0,7,11.4609571365
964,8.0,-7.0,7,11.4609571365
965,3.0,-7.0,7,11.4609571365
966,25.0,-7.0,7,11.4609571365
967,14.0,-7.0,7,11.4609571365
968,14.0,-7.0,7,11.4609571365
969,10.0,-7.0,7,11.4609571365
970,9.0,-7.0,7,11.4609571365
971,18.0,-7.0,7,11.4609571365
972,-2.0,-7.0,7,11.4609571365
973,20.0,-7.0,7,11.4609571365
974,12.0,-7.0,7,11.4609571365
975,10.0,-7.0,7,11.4609571365
976,12.0,-7.0,7,11.4609571365
977,18.0,-7.0,7,11.4609571365
978,20.0,-7.0,7,11.4609571365
979,15.0,-7.0,7,11.4609571365
980,7.0,-7.0,7,11.4609571365
981,6.0,-7.0,7,11.4609571365
982,22.0,-7.0,7,11.4609571365
983,7.0,-7.0,7,11.4609571365
984,-2.0,-7.0,7,11.4609571365
985,-10.0,-7.0,7,11.4609571365
986,13.0,-7.0,7,11.4609571365
987,-2.0,-7.0,7,11.4609571365
988,22.0,-7.0,7,11.4609571365
989,18.0,-7.0,7,11.4609571365
990,25.0,-7.0,7,11.4609571365
991,3.0,-7.0,7,11.4609571365
992,19.0,-7.0,7,11.4609571365
993,15.0,-7.0,7,11.4609571365
994,-4.0,-7.0,7,11.4609571365
995,-10.0,-7.0,7,11.4609571365
996,9.0,-7.0,7,11.4609571365
997,10.0,-7.0,7,11.4609571365
998,3.0,-7.0,7,11.4609571365
999,19.0,-7.0,7,11.4609571365
1000,-7.0,-7.0,7,11.4609571365
1001,-13.0,2.0,7,11.4609571365
1002,-11.0,2.0,7,11.4609571365
1003,8.0,2.0,7,11.4609571365
1004,-21.0,2.0,7,11.4609571365
1005,-7.0,2.0,7,11.4609571365
1006,17.0,2.0,7,11.4609571365
1007,-10.0,2.0,7,11.4609571365
1008,-3.0,2.0,7,11.4609571365
1009,3.0,2.0,7,11.4609571365
1010,-4.0,2.0,7,11.4609571365
1011,7.0,2.0,7,11.4609571365
1012,-15.0,2.0,7,11.4609571365
1013,-7.0,2.0,7,11.4609571365
1014,11.0,2.0,7,11.4609571365
1015,2.0,2.0,7,11.4609571365
1016,-14.0,2.0,7,11.4609571365
1017,-22.0,2.0,7,11.4609571365
1018,-11.0,2.0,7,11.4609571365
1019,9.0,2.0,7,11.4609571365
1020,-4.0,2.0,7,11.4609571365
1021,-4.0,2.0,7,11.4609571365
1022,5.0,2.0,7,11.4609571365
1023,-3.0,2.0,7,11.4609571365
1024,5.0,2.0,7,11.4609571365
1025,-2.0,2.0,7,11.4609571365
1026,14.0,2.0,7,11.4609571365
1027,4.0,2.0,7,11.4609571365
1028,-18.0,2.0,7,11.4609571365
1029,-19.0,2.0,7,11.4609571365
1030,10.0,2.0,7,11.4609571365
1031,21.0,2.0,7,11.4609571365
1032,15.0,2.0,7,11.4609571365
1033,-23.0,2.0,7,11.4609571365
1034,9.0,2.0,7,11.4609571365
1035,19.0,2.0,7,11.4609571365
1036,12.0,2.0,7,11.4609571365
1037,0.0,2.0,7,11.4609571365
1038,-1.0,2.0,7,11.4609571365
1039,-27.0,2.0,7,11.4609571365
1040,9.0,2.0,7,11.4609571365
1041,-47.0,2.0,7,11.4609571365
1042,-8.0,2.0,7,11.4609571365
1043,19.0,2.0,7,11.4609571365
1044,-4.0,2.0,7,11.4609571365
1045,-6.0,2.0,7,11.4609571365
1046,-4.0,2.0,7,11.4609571365
1047,-22.0,2.0,7,11.4609571365
1048,10.0,2.0,7,11.4609571365
1049,-7.0,2.0,7,11.4609571365
1050,-7.0,2.0,7,11.4609571365
1051,9.0,2.0,7,11.4609571365
1052,0.0,2.0,7,11.4609571365
1053,-6.0,2.0,7,11.4609571365
1054,15.0,2.0,7,11.4609571365
1055,14.0,2.0,7,11.4609571365
1056,2.0,2.0,7,11.4609571365
1057,10.0,2.0,7,11.4609571365
1058,-21.0,2.0,7,11.4609571365
1059,-32.0,2.0,7,11.4609571365
1060,22.0,-12.0,9,11.4609571365
1061,2.0,-12.0,9,11.4609571365
1062,25.0,-12.0,9,11.4609571365
1063,1.0,-12.0,9,11.4609571365
1064,25.0,-12.0,9,11.4609571365
1065,10.0,-12.0,9,11.4609571365
1066,14.0,-12.0,9,11.4609571365
1067,7.0,-12.0,9,11.4609571365
1068,19.0,-12.0,9,11.4609571365
1069,10.0,-12.0,9,11.4609571365
1070,16.0,-12.0,9,11.4609571365
1071,14.0,-12.0,9,11.4609571365
1072,12.0,-12.0,9,11.4609571365
1073,3.0,-12.0,9,11.4609571365
1074,25.0,-12.0,9,11.4609571365
1075,-7.0,-12.0,9,11.4609571365
1076,3.0,-12.0,9,11.4609571365
1077,6.0,-12.0,9,11.4609571365
1078,6.0,-12.0,9,11.4609571365
1079,15.0,-12.0,9,11.4609571365
1080,14.0,-12.0,9,11.4609571365
1081,1.0,-12.0,9,11.4609571365
1082,-4.0,-12.0,9,11.4609571365
1083,19.0,-12.0,9,11.4609571365
1084,33.0,-12.0,9,11.4609571365
1085,16.0,-12.0,9,11.4609571365
1086,26.0,-12.0,9,11.4609571365
1087,10.0,-12.0,9,11.4609571365
1088,25.0,-12.0,9,11.4609571365
1089,0.0,-12.0,9,11.4609571365
1090,18.0,-12.0,9,11.4609571365
1091,25.0,-12.0,9,11.4609571365
1092,11.0,-12.0,9,11.4609571365
1093,4.0,-12.0,9,11.4609571365
1094,11.0,-12.0,9,11.4609571365
1095,6.0,-12.0,9,11.4609571365
1096,20.0,-12.0,9,11.4609571365
1097,10.0,-12.0,9,11.4609571365
1098,17.0,-12.0,9,11.4609571365
1099,-8.0,-12.0,9,11.4609571365
1100,-14.0,-12.0,9,11.4609571365
1101,5.0,-12.0,9,11.4609571365
1102,25.0,-12.0,9,11.4609571365
1103,26.0,-12.0,9,11.4609571365
1104,13.0,-12.0,9,11.4609571365
1105,8.0,-12.0,9,11.4609571365
1106,-3.0,-12.0,9,11.4609571365
1107,15.0,-12.0,9,11.4609571365
1108,19.0,-12.0,9,11.4609571365
1109,8.0,-12.0,9,11.4609571365
1110,26.0,-12.0,9,11.4609571365
1111,6.0,-12.0,9,11.4609571365
1112,26.0,-12.0,9,11.4609571365
1113,23.0,-12.0,9,11.4609571365
1114,2.0,-12.0,9,11.4609571365
1115,1.0,-12.0,9,11.4609571365
1116,10.0,-12.0,9,11.4609571365
1117,3.0,-12.0,9,11.4609571365
1118,40.0,-12.0,9,11.4609571365
1119,11.0,2.0,9,11.4609571365
1120,0.0,2.0,9,11.4609571365
1121,8.0,2.0,9,11.4609571365
1122,-19.0,2.0,9,11.4609571365
1123,-4.0,2.0,9,11.4609571365
1124,-15.0,2.0,9,11.4609571365
1125,-11.0,2.0,9,11.4609571365
1126,-26.0,2.0,9,11.4609571365
1127,-2.0,2.0,9,11.4609571365
1128,8.0,2.0,9,11.4609571365
1129,-1.0,2.0,9,11.4609571365
1130,-21.0,2.0,9,11.4609571365
1131,-17.0,2.0,9,11.4609571365
1132,-18.0,2.0,9,11.4609571365
1133,4.0,2.0,9,11.4609571365
1134,11.0,2.0,9,11.4609571365
1135,-6.0,2.0,9,11.4609571365
1136,-26.0,2.0,9,11.4609571365
1137,4.0,2.0,9,11.4609571365
1138,-20.0,2.0,9,11.4609571365
1139,-20.0,2.0,9,11.4609571365
1140,30.0,2.0,9,11.4609571365
1141,0.0,2.0,9,11.4609571365
1142,25.0,2.0,9,11.4609571365
1143,-7.0,2.0,9,11.4609571365
1144,-19.0,2.0,9,11.4609571365
1145,-29.0,2.0,9,11.4609571365
1146,-6.0,2.0,9,11.4609571365
1147,0.0,2.0,9,11.4609571365
1148,-20.0,2.0,9,11.4609571365
1149,-13.0,2.0,9,11.4609571365
1150,9.0,2.0,9,11.4609571365
1151,0.0,2.0,9,11.4609571365
1152,8.0,2.0,9,11.4609571365
1153,-6.0,2.0,9,11.4609571365
1154,4.0,2.0,9,11.4609571365
1155,10.0,2.0,9,11.4609571365
1156,-5.0,2.0,9,11.4609571365
1157,-24.0,2.0,9,11.4609571365
1158,-7.0,2.0,9,11.4609571365
1159,12.0,2.0,9,11.4609571365
1160,-22.0,2.0,9,11.4609571365
1161,-14.0,2.0,9,11.4609571365
1162,6.0,2.0,9,11.4609571365
1163,18.0,2.0,9,11.4609571365
1164,7.0,2.0,9,11.4609571365
1165,7.0,2.0,9,11.4609571365
1166,2.0,2.0,9,11.4609571365
1167,16.0,2.0,9,11.4609571365
1168,7.0,2.0,9,11.4609571365
1169,-1.0,2.0,9,11.4609571365
1170,10.0,2.0,9,11.4609571365
1171,12.0,2.0,9,11.4609571365
1172,-8.0,2.0,9,11.4609571365
1173,-11.0,2.0,9,11.4609571365
1174,14.0,2.0,9,11.4609571365
1175,12.0,2.0,9,11.4609571365
1176,-10.0,2.0,9,11.4609571365
1177,-14.0,2.0,9,11.4609571365
